<edmx:Edmx
    xmlns:edmx="http://schemas.microsoft.com/ado/2007/06/edmx"
    xmlns:m="http://schemas.microsoft.com/ado/2007/08/dataservices/metadata"
    xmlns:sap="http://www.sap.com/Protocols/SAPData" Version="1.0">
    <edmx:DataServices m:DataServiceVersion="2.0">
        <Schema
            xmlns="http://schemas.microsoft.com/ado/2008/09/edm" Namespace="ZXDEGUI0011_UI5_SRV" xml:lang="en" sap:schema-version="1">
            <EntityType Name="ZXDGUI_S0011LS_UI5" sap:content-version="1">
                <Key>
                    <PropertyRef Name="Uuid"/>
                    <PropertyRef Name="Bukrs"/>
                    <PropertyRef Name="Gjahr"/>
                    <PropertyRef Name="Belnr"/>
                    <PropertyRef Name="Buzei"/>
                </Key>
                <Property Name="Uuid" Type="Edm.String" Nullable="false" MaxLength="50" sap:unicode="false" sap:label="c" sap:creatable="false" sap:updatable="false" sap:sortable="false" sap:filterable="false"/>
                <Property Name="Bukrs" Type="Edm.String" Nullable="false" MaxLength="4" sap:unicode="false" sap:label="Company Code" sap:creatable="false" sap:updatable="false" sap:sortable="false" sap:filterable="false"/>
                <Property Name="Gjahr" Type="Edm.String" Nullable="false" MaxLength="4" sap:unicode="false" sap:label="Fiscal Year" sap:creatable="false" sap:updatable="false" sap:sortable="false" sap:filterable="false"/>
                <Property Name="Belnr" Type="Edm.String" Nullable="false" MaxLength="10" sap:unicode="false" sap:label="Document Number" sap:creatable="false" sap:updatable="false" sap:sortable="false" sap:filterable="false"/>
                <Property Name="Buzei" Type="Edm.String" Nullable="false" MaxLength="6" sap:unicode="false" sap:label="Line item" sap:creatable="false" sap:updatable="false" sap:sortable="false" sap:filterable="false"/>
                <Property Name="Bupla" Type="Edm.String" Nullable="false" MaxLength="4" sap:unicode="false" sap:label="Business place" sap:creatable="false" sap:updatable="false" sap:sortable="false" sap:filterable="false"/>
                <Property Name="Guino" Type="Edm.String" Nullable="false" MaxLength="14" sap:unicode="false" sap:label="Invoice number" sap:creatable="false" sap:updatable="false" sap:sortable="false" sap:filterable="false"/>
                <Property Name="Guifmt" Type="Edm.String" Nullable="false" MaxLength="2" sap:unicode="false" sap:label="GUI Format" sap:creatable="false" sap:updatable="false" sap:sortable="false" sap:filterable="false"/>
                <Property Name="Budat" Type="Edm.DateTime" Nullable="false" Precision="7" sap:unicode="false" sap:label="Posting Date" sap:creatable="false" sap:updatable="false" sap:sortable="false" sap:filterable="false"/>
                <Property Name="Guidate" Type="Edm.DateTime" Nullable="false" Precision="7" sap:unicode="false" sap:label="GUI Date" sap:creatable="false" sap:updatable="false" sap:sortable="false" sap:filterable="false"/>
                <Property Name="Kunnr" Type="Edm.String" Nullable="false" MaxLength="10" sap:unicode="false" sap:label="Customer" sap:creatable="false" sap:updatable="false" sap:sortable="false" sap:filterable="false"/>
                <Property Name="Name1" Type="Edm.String" Nullable="false" MaxLength="70" sap:unicode="false" sap:label="Name of buyer" sap:creatable="false" sap:updatable="false" sap:sortable="false" sap:filterable="false"/>
                <Property Name="Basamt" Type="Edm.Decimal" Nullable="false" Precision="24" Scale="3" sap:unicode="false" sap:unit="Waers" sap:label="LC Base" sap:creatable="false" sap:updatable="false" sap:sortable="false" sap:filterable="false"/>
                <Property Name="Taxamt" Type="Edm.Decimal" Nullable="false" Precision="24" Scale="3" sap:unicode="false" sap:unit="Waers" sap:label="LC Tax" sap:creatable="false" sap:updatable="false" sap:sortable="false" sap:filterable="false"/>
                <Property Name="Tolamt" Type="Edm.Decimal" Nullable="false" Precision="24" Scale="3" sap:unicode="false" sap:unit="Waers" sap:label="Amount in LC" sap:creatable="false" sap:updatable="false" sap:sortable="false" sap:filterable="false"/>
                <Property Name="Waers" Type="Edm.String" Nullable="false" MaxLength="5" sap:unicode="false" sap:label="Currency" sap:creatable="false" sap:updatable="false" sap:sortable="false" sap:filterable="false" sap:semantics="currency-code"/>
                <Property Name="Kverm" Type="Edm.String" Nullable="false" MaxLength="30" sap:unicode="false" sap:label="Account Memo" sap:creatable="false" sap:updatable="false" sap:sortable="false" sap:filterable="false"/>
                <Property Name="Carrierid1" Type="Edm.String" Nullable="false" MaxLength="64" sap:unicode="false" sap:label="Carrier ID 1" sap:creatable="false" sap:updatable="false" sap:sortable="false" sap:filterable="false"/>
                <Property Name="Status" Type="Edm.String" Nullable="false" MaxLength="4" sap:unicode="false" sap:label="Message Status" sap:creatable="false" sap:updatable="false" sap:sortable="false" sap:filterable="false"/>
                <Property Name="Bukrse" Type="Edm.Boolean" Nullable="false" sap:unicode="false" sap:label="Indicator" sap:creatable="false" sap:updatable="false" sap:sortable="false" sap:filterable="false"/>
                <Property Name="Belnre" Type="Edm.Boolean" Nullable="false" sap:unicode="false" sap:label="Indicator" sap:creatable="false" sap:updatable="false" sap:sortable="false" sap:filterable="false"/>
                <Property Name="Gjahre" Type="Edm.Boolean" Nullable="false" sap:unicode="false" sap:label="Indicator" sap:creatable="false" sap:updatable="false" sap:sortable="false" sap:filterable="false"/>
                <Property Name="Buplae" Type="Edm.Boolean" Nullable="false" sap:unicode="false" sap:label="Indicator" sap:creatable="false" sap:updatable="false" sap:sortable="false" sap:filterable="false"/>
                <Property Name="Guinoe" Type="Edm.Boolean" Nullable="false" sap:unicode="false" sap:label="Indicator" sap:creatable="false" sap:updatable="false" sap:sortable="false" sap:filterable="false"/>
                <Property Name="Guifmte" Type="Edm.Boolean" Nullable="false" sap:unicode="false" sap:label="Indicator" sap:creatable="false" sap:updatable="false" sap:sortable="false" sap:filterable="false"/>
                <Property Name="Budate" Type="Edm.Boolean" Nullable="false" sap:unicode="false" sap:label="Indicator" sap:creatable="false" sap:updatable="false" sap:sortable="false" sap:filterable="false"/>
                <Property Name="Guidatee" Type="Edm.Boolean" Nullable="false" sap:unicode="false" sap:label="Indicator" sap:creatable="false" sap:updatable="false" sap:sortable="false" sap:filterable="false"/>
                <Property Name="Kunnre" Type="Edm.Boolean" Nullable="false" sap:unicode="false" sap:label="Indicator" sap:creatable="false" sap:updatable="false" sap:sortable="false" sap:filterable="false"/>
                <Property Name="Name1e" Type="Edm.Boolean" Nullable="false" sap:unicode="false" sap:label="Indicator" sap:creatable="false" sap:updatable="false" sap:sortable="false" sap:filterable="false"/>
                <Property Name="Basamte" Type="Edm.Boolean" Nullable="false" sap:unicode="false" sap:label="Indicator" sap:creatable="false" sap:updatable="false" sap:sortable="false" sap:filterable="false"/>
                <Property Name="Taxamte" Type="Edm.Boolean" Nullable="false" sap:unicode="false" sap:label="Indicator" sap:creatable="false" sap:updatable="false" sap:sortable="false" sap:filterable="false"/>
                <Property Name="Statuse" Type="Edm.Boolean" Nullable="false" sap:unicode="false" sap:label="Indicator" sap:creatable="false" sap:updatable="false" sap:sortable="false" sap:filterable="false"/>
                <Property Name="InvPdf" Type="Edm.String" Nullable="false" sap:unicode="false" sap:label="pdf for B2C Invoice" sap:creatable="false" sap:updatable="false" sap:sortable="false" sap:filterable="false"/>
                <Property Name="InvdPdf" Type="Edm.String" Nullable="false" sap:unicode="false" sap:label="pdf for B2C Invoice Detail" sap:creatable="false" sap:updatable="false" sap:sortable="false" sap:filterable="false"/>
                <Property Name="Inva4Pdf" Type="Edm.String" Nullable="false" sap:unicode="false" sap:label="pdf for B2B Invoice" sap:creatable="false" sap:updatable="false" sap:sortable="false" sap:filterable="false"/>
            </EntityType>
            <EntityType Name="PDF" sap:content-version="1">
                <Key>
                    <PropertyRef Name="Guino"/>
                </Key>
                <Property Name="Guino" Type="Edm.String" Nullable="false" MaxLength="14" sap:unicode="false" sap:label="Invoice number" sap:creatable="false" sap:updatable="false" sap:sortable="false" sap:filterable="false"/>
                <Property Name="MimeType" Type="Edm.String" Nullable="false" sap:unicode="false" sap:label="MIME_TYPE" sap:creatable="false" sap:updatable="false" sap:sortable="false" sap:filterable="false"/>
                <Property Name="Zpdf" Type="Edm.String" Nullable="false" sap:unicode="false" sap:label="ZPDF" sap:creatable="false" sap:updatable="false" sap:sortable="false" sap:filterable="false"/>
            </EntityType>
            <EntityContainer Name="ZXDEGUI0011_UI5_SRV_Entities" m:IsDefaultEntityContainer="true" sap:supported-formats="atom json xlsx">
                <EntitySet Name="ZXDGUI_S0011LS_UI5Set" EntityType="ZXDEGUI0011_UI5_SRV.ZXDGUI_S0011LS_UI5" sap:creatable="false" sap:updatable="false" sap:deletable="false" sap:pageable="false" sap:content-version="1"/>
                <EntitySet Name="PDFSet" EntityType="ZXDEGUI0011_UI5_SRV.PDF" sap:creatable="false" sap:updatable="false" sap:deletable="false" sap:pageable="false" sap:content-version="1"/>
            </EntityContainer>
            <atom:link
                xmlns:atom="http://www.w3.org/2005/Atom" rel="self" href="./sap/ZXDEGUI0011_UI5_SRV/$metadata"/>
                <atom:link
                    xmlns:atom="http://www.w3.org/2005/Atom" rel="latest-version" href="./sap/ZXDEGUI0011_UI5_SRV/$metadata"/>
                </Schema>
            </edmx:DataServices>
        </edmx:Edmx>